file_path,label
../../processed_videos\blank\0.mp4,blank
../../processed_videos\blank\1.mp4,blank
../../processed_videos\blank\10.mp4,blank
../../processed_videos\blank\11.mp4,blank
../../processed_videos\blank\12.mp4,blank
../../processed_videos\blank\13.mp4,blank
../../processed_videos\blank\14.mp4,blank
../../processed_videos\blank\15.mp4,blank
../../processed_videos\blank\16.mp4,blank
../../processed_videos\blank\17.mp4,blank
../../processed_videos\blank\18.mp4,blank
../../processed_videos\blank\19.mp4,blank
../../processed_videos\blank\2.mp4,blank
../../processed_videos\blank\20.mp4,blank
../../processed_videos\blank\21.mp4,blank
../../processed_videos\blank\22.mp4,blank
../../processed_videos\blank\23.mp4,blank
../../processed_videos\blank\24.mp4,blank
../../processed_videos\blank\25.mp4,blank
../../processed_videos\blank\26.mp4,blank
../../processed_videos\blank\27.mp4,blank
../../processed_videos\blank\28.mp4,blank
../../processed_videos\blank\29.mp4,blank
../../processed_videos\blank\3.mp4,blank
../../processed_videos\blank\30.mp4,blank
../../processed_videos\blank\31.mp4,blank
../../processed_videos\blank\32.mp4,blank
../../processed_videos\blank\33.mp4,blank
../../processed_videos\blank\34.mp4,blank
../../processed_videos\blank\35.mp4,blank
../../processed_videos\blank\36.mp4,blank
../../processed_videos\blank\37.mp4,blank
../../processed_videos\blank\38.mp4,blank
../../processed_videos\blank\39.mp4,blank
../../processed_videos\blank\4.mp4,blank
../../processed_videos\blank\40.mp4,blank
../../processed_videos\blank\41.mp4,blank
../../processed_videos\blank\42.mp4,blank
../../processed_videos\blank\43.mp4,blank
../../processed_videos\blank\44.mp4,blank
../../processed_videos\blank\45.mp4,blank
../../processed_videos\blank\46.mp4,blank
../../processed_videos\blank\47.mp4,blank
../../processed_videos\blank\48.mp4,blank
../../processed_videos\blank\49.mp4,blank
../../processed_videos\blank\5.mp4,blank
../../processed_videos\blank\6.mp4,blank
../../processed_videos\blank\7.mp4,blank
../../processed_videos\blank\8.mp4,blank
../../processed_videos\blank\9.mp4,blank
../../processed_videos\hello\0.mp4,hello
../../processed_videos\hello\1.mp4,hello
../../processed_videos\hello\10.mp4,hello
../../processed_videos\hello\11.mp4,hello
../../processed_videos\hello\12.mp4,hello
../../processed_videos\hello\13.mp4,hello
../../processed_videos\hello\14.mp4,hello
../../processed_videos\hello\15.mp4,hello
../../processed_videos\hello\16.mp4,hello
../../processed_videos\hello\17.mp4,hello
../../processed_videos\hello\18.mp4,hello
../../processed_videos\hello\19.mp4,hello
../../processed_videos\hello\2.mp4,hello
../../processed_videos\hello\20.mp4,hello
../../processed_videos\hello\21.mp4,hello
../../processed_videos\hello\22.mp4,hello
../../processed_videos\hello\23.mp4,hello
../../processed_videos\hello\24.mp4,hello
../../processed_videos\hello\25.mp4,hello
../../processed_videos\hello\26.mp4,hello
../../processed_videos\hello\27.mp4,hello
../../processed_videos\hello\28.mp4,hello
../../processed_videos\hello\29.mp4,hello
../../processed_videos\hello\3.mp4,hello
../../processed_videos\hello\30.mp4,hello
../../processed_videos\hello\31.mp4,hello
../../processed_videos\hello\32.mp4,hello
../../processed_videos\hello\33.mp4,hello
../../processed_videos\hello\34.mp4,hello
../../processed_videos\hello\35.mp4,hello
../../processed_videos\hello\36.mp4,hello
../../processed_videos\hello\37.mp4,hello
../../processed_videos\hello\38.mp4,hello
../../processed_videos\hello\39.mp4,hello
../../processed_videos\hello\4.mp4,hello
../../processed_videos\hello\40.mp4,hello
../../processed_videos\hello\41.mp4,hello
../../processed_videos\hello\42.mp4,hello
../../processed_videos\hello\43.mp4,hello
../../processed_videos\hello\44.mp4,hello
../../processed_videos\hello\45.mp4,hello
../../processed_videos\hello\46.mp4,hello
../../processed_videos\hello\47.mp4,hello
../../processed_videos\hello\48.mp4,hello
../../processed_videos\hello\49.mp4,hello
../../processed_videos\hello\5.mp4,hello
../../processed_videos\hello\6.mp4,hello
../../processed_videos\hello\7.mp4,hello
../../processed_videos\hello\8.mp4,hello
../../processed_videos\hello\9.mp4,hello
../../processed_videos\how are you\0.mp4,how are you
../../processed_videos\how are you\1.mp4,how are you
../../processed_videos\how are you\10.mp4,how are you
../../processed_videos\how are you\11.mp4,how are you
../../processed_videos\how are you\12.mp4,how are you
../../processed_videos\how are you\13.mp4,how are you
../../processed_videos\how are you\14.mp4,how are you
../../processed_videos\how are you\15.mp4,how are you
../../processed_videos\how are you\16.mp4,how are you
../../processed_videos\how are you\17.mp4,how are you
../../processed_videos\how are you\18.mp4,how are you
../../processed_videos\how are you\19.mp4,how are you
../../processed_videos\how are you\2.mp4,how are you
../../processed_videos\how are you\20.mp4,how are you
../../processed_videos\how are you\21.mp4,how are you
../../processed_videos\how are you\22.mp4,how are you
../../processed_videos\how are you\23.mp4,how are you
../../processed_videos\how are you\24.mp4,how are you
../../processed_videos\how are you\25.mp4,how are you
../../processed_videos\how are you\26.mp4,how are you
../../processed_videos\how are you\27.mp4,how are you
../../processed_videos\how are you\28.mp4,how are you
../../processed_videos\how are you\29.mp4,how are you
../../processed_videos\how are you\3.mp4,how are you
../../processed_videos\how are you\30.mp4,how are you
../../processed_videos\how are you\31.mp4,how are you
../../processed_videos\how are you\32.mp4,how are you
../../processed_videos\how are you\33.mp4,how are you
../../processed_videos\how are you\34.mp4,how are you
../../processed_videos\how are you\35.mp4,how are you
../../processed_videos\how are you\36.mp4,how are you
../../processed_videos\how are you\37.mp4,how are you
../../processed_videos\how are you\38.mp4,how are you
../../processed_videos\how are you\39.mp4,how are you
../../processed_videos\how are you\4.mp4,how are you
../../processed_videos\how are you\40.mp4,how are you
../../processed_videos\how are you\41.mp4,how are you
../../processed_videos\how are you\42.mp4,how are you
../../processed_videos\how are you\43.mp4,how are you
../../processed_videos\how are you\44.mp4,how are you
../../processed_videos\how are you\45.mp4,how are you
../../processed_videos\how are you\46.mp4,how are you
../../processed_videos\how are you\47.mp4,how are you
../../processed_videos\how are you\48.mp4,how are you
../../processed_videos\how are you\49.mp4,how are you
../../processed_videos\how are you\5.mp4,how are you
../../processed_videos\how are you\6.mp4,how are you
../../processed_videos\how are you\7.mp4,how are you
../../processed_videos\how are you\8.mp4,how are you
../../processed_videos\how are you\9.mp4,how are you
../../processed_videos\i\0.mp4,i
../../processed_videos\i\1.mp4,i
../../processed_videos\i\10.mp4,i
../../processed_videos\i\11.mp4,i
../../processed_videos\i\12.mp4,i
../../processed_videos\i\13.mp4,i
../../processed_videos\i\14.mp4,i
../../processed_videos\i\15.mp4,i
../../processed_videos\i\16.mp4,i
../../processed_videos\i\17.mp4,i
../../processed_videos\i\18.mp4,i
../../processed_videos\i\19.mp4,i
../../processed_videos\i\2.mp4,i
../../processed_videos\i\20.mp4,i
../../processed_videos\i\21.mp4,i
../../processed_videos\i\22.mp4,i
../../processed_videos\i\23.mp4,i
../../processed_videos\i\24.mp4,i
../../processed_videos\i\25.mp4,i
../../processed_videos\i\26.mp4,i
../../processed_videos\i\27.mp4,i
../../processed_videos\i\28.mp4,i
../../processed_videos\i\29.mp4,i
../../processed_videos\i\3.mp4,i
../../processed_videos\i\30.mp4,i
../../processed_videos\i\31.mp4,i
../../processed_videos\i\32.mp4,i
../../processed_videos\i\33.mp4,i
../../processed_videos\i\34.mp4,i
../../processed_videos\i\35.mp4,i
../../processed_videos\i\36.mp4,i
../../processed_videos\i\37.mp4,i
../../processed_videos\i\38.mp4,i
../../processed_videos\i\39.mp4,i
../../processed_videos\i\4.mp4,i
../../processed_videos\i\40.mp4,i
../../processed_videos\i\41.mp4,i
../../processed_videos\i\42.mp4,i
../../processed_videos\i\43.mp4,i
../../processed_videos\i\44.mp4,i
../../processed_videos\i\45.mp4,i
../../processed_videos\i\46.mp4,i
../../processed_videos\i\47.mp4,i
../../processed_videos\i\48.mp4,i
../../processed_videos\i\49.mp4,i
../../processed_videos\i\5.mp4,i
../../processed_videos\i\6.mp4,i
../../processed_videos\i\7.mp4,i
../../processed_videos\i\8.mp4,i
../../processed_videos\i\9.mp4,i
../../processed_videos\morning\0.mp4,morning
../../processed_videos\morning\1.mp4,morning
../../processed_videos\morning\10.mp4,morning
../../processed_videos\morning\11.mp4,morning
../../processed_videos\morning\12.mp4,morning
../../processed_videos\morning\13.mp4,morning
../../processed_videos\morning\14.mp4,morning
../../processed_videos\morning\15.mp4,morning
../../processed_videos\morning\16.mp4,morning
../../processed_videos\morning\17.mp4,morning
../../processed_videos\morning\18.mp4,morning
../../processed_videos\morning\19.mp4,morning
../../processed_videos\morning\2.mp4,morning
../../processed_videos\morning\20.mp4,morning
../../processed_videos\morning\21.mp4,morning
../../processed_videos\morning\22.mp4,morning
../../processed_videos\morning\23.mp4,morning
../../processed_videos\morning\24.mp4,morning
../../processed_videos\morning\25.mp4,morning
../../processed_videos\morning\26.mp4,morning
../../processed_videos\morning\27.mp4,morning
../../processed_videos\morning\28.mp4,morning
../../processed_videos\morning\29.mp4,morning
../../processed_videos\morning\3.mp4,morning
../../processed_videos\morning\30.mp4,morning
../../processed_videos\morning\31.mp4,morning
../../processed_videos\morning\32.mp4,morning
../../processed_videos\morning\33.mp4,morning
../../processed_videos\morning\34.mp4,morning
../../processed_videos\morning\35.mp4,morning
../../processed_videos\morning\36.mp4,morning
../../processed_videos\morning\37.mp4,morning
../../processed_videos\morning\38.mp4,morning
../../processed_videos\morning\39.mp4,morning
../../processed_videos\morning\4.mp4,morning
../../processed_videos\morning\40.mp4,morning
../../processed_videos\morning\41.mp4,morning
../../processed_videos\morning\42.mp4,morning
../../processed_videos\morning\43.mp4,morning
../../processed_videos\morning\44.mp4,morning
../../processed_videos\morning\45.mp4,morning
../../processed_videos\morning\46.mp4,morning
../../processed_videos\morning\47.mp4,morning
../../processed_videos\morning\48.mp4,morning
../../processed_videos\morning\49.mp4,morning
../../processed_videos\morning\5.mp4,morning
../../processed_videos\morning\6.mp4,morning
../../processed_videos\morning\7.mp4,morning
../../processed_videos\morning\8.mp4,morning
../../processed_videos\morning\9.mp4,morning
../../processed_videos\sorry\0.mp4,sorry
../../processed_videos\sorry\1.mp4,sorry
../../processed_videos\sorry\10.mp4,sorry
../../processed_videos\sorry\11.mp4,sorry
../../processed_videos\sorry\12.mp4,sorry
../../processed_videos\sorry\13.mp4,sorry
../../processed_videos\sorry\14.mp4,sorry
../../processed_videos\sorry\15.mp4,sorry
../../processed_videos\sorry\16.mp4,sorry
../../processed_videos\sorry\17.mp4,sorry
../../processed_videos\sorry\18.mp4,sorry
../../processed_videos\sorry\19.mp4,sorry
../../processed_videos\sorry\2.mp4,sorry
../../processed_videos\sorry\20.mp4,sorry
../../processed_videos\sorry\21.mp4,sorry
../../processed_videos\sorry\22.mp4,sorry
../../processed_videos\sorry\23.mp4,sorry
../../processed_videos\sorry\24.mp4,sorry
../../processed_videos\sorry\25.mp4,sorry
../../processed_videos\sorry\26.mp4,sorry
../../processed_videos\sorry\27.mp4,sorry
../../processed_videos\sorry\28.mp4,sorry
../../processed_videos\sorry\29.mp4,sorry
../../processed_videos\sorry\3.mp4,sorry
../../processed_videos\sorry\30.mp4,sorry
../../processed_videos\sorry\31.mp4,sorry
../../processed_videos\sorry\32.mp4,sorry
../../processed_videos\sorry\33.mp4,sorry
../../processed_videos\sorry\34.mp4,sorry
../../processed_videos\sorry\35.mp4,sorry
../../processed_videos\sorry\36.mp4,sorry
../../processed_videos\sorry\37.mp4,sorry
../../processed_videos\sorry\38.mp4,sorry
../../processed_videos\sorry\39.mp4,sorry
../../processed_videos\sorry\4.mp4,sorry
../../processed_videos\sorry\40.mp4,sorry
../../processed_videos\sorry\41.mp4,sorry
../../processed_videos\sorry\42.mp4,sorry
../../processed_videos\sorry\43.mp4,sorry
../../processed_videos\sorry\44.mp4,sorry
../../processed_videos\sorry\45.mp4,sorry
../../processed_videos\sorry\46.mp4,sorry
../../processed_videos\sorry\47.mp4,sorry
../../processed_videos\sorry\48.mp4,sorry
../../processed_videos\sorry\49.mp4,sorry
../../processed_videos\sorry\5.mp4,sorry
../../processed_videos\sorry\6.mp4,sorry
../../processed_videos\sorry\7.mp4,sorry
../../processed_videos\sorry\8.mp4,sorry
../../processed_videos\sorry\9.mp4,sorry
../../processed_videos\thank you\0.mp4,thank you
../../processed_videos\thank you\1.mp4,thank you
../../processed_videos\thank you\10.mp4,thank you
../../processed_videos\thank you\11.mp4,thank you
../../processed_videos\thank you\12.mp4,thank you
../../processed_videos\thank you\13.mp4,thank you
../../processed_videos\thank you\14.mp4,thank you
../../processed_videos\thank you\15.mp4,thank you
../../processed_videos\thank you\16.mp4,thank you
../../processed_videos\thank you\17.mp4,thank you
../../processed_videos\thank you\18.mp4,thank you
../../processed_videos\thank you\19.mp4,thank you
../../processed_videos\thank you\2.mp4,thank you
../../processed_videos\thank you\20.mp4,thank you
../../processed_videos\thank you\21.mp4,thank you
../../processed_videos\thank you\22.mp4,thank you
../../processed_videos\thank you\23.mp4,thank you
../../processed_videos\thank you\24.mp4,thank you
../../processed_videos\thank you\25.mp4,thank you
../../processed_videos\thank you\26.mp4,thank you
../../processed_videos\thank you\27.mp4,thank you
../../processed_videos\thank you\28.mp4,thank you
../../processed_videos\thank you\29.mp4,thank you
../../processed_videos\thank you\3.mp4,thank you
../../processed_videos\thank you\30.mp4,thank you
../../processed_videos\thank you\31.mp4,thank you
../../processed_videos\thank you\32.mp4,thank you
../../processed_videos\thank you\33.mp4,thank you
../../processed_videos\thank you\34.mp4,thank you
../../processed_videos\thank you\35.mp4,thank you
../../processed_videos\thank you\36.mp4,thank you
../../processed_videos\thank you\37.mp4,thank you
../../processed_videos\thank you\38.mp4,thank you
../../processed_videos\thank you\39.mp4,thank you
../../processed_videos\thank you\4.mp4,thank you
../../processed_videos\thank you\40.mp4,thank you
../../processed_videos\thank you\41.mp4,thank you
../../processed_videos\thank you\42.mp4,thank you
../../processed_videos\thank you\43.mp4,thank you
../../processed_videos\thank you\44.mp4,thank you
../../processed_videos\thank you\45.mp4,thank you
../../processed_videos\thank you\46.mp4,thank you
../../processed_videos\thank you\47.mp4,thank you
../../processed_videos\thank you\48.mp4,thank you
../../processed_videos\thank you\49.mp4,thank you
../../processed_videos\thank you\5.mp4,thank you
../../processed_videos\thank you\6.mp4,thank you
../../processed_videos\thank you\7.mp4,thank you
../../processed_videos\thank you\8.mp4,thank you
../../processed_videos\thank you\9.mp4,thank you
